13.0,Wed,2,-73.991673,40.726478,-73.984347,40.766946,2.0,2013-06-05 02:48:26.000000-73.991740.726540.7669-73.9843
6.5,Sat,3,-73.961307,40.760885,-73.982703,40.760268,2.0,2010-01-30 03:00:00.000000-73.961340.760940.7603-73.9827
13.7,Sat,3,-73.998772,40.744792,-73.996328,40.73788,2.0,2010-01-30 03:00:00.000000-73.998840.744840.7379-73.9963
7.3,Sat,3,-74.006513,40.739345,-73.99246,40.763642,2.0,2010-01-30 03:00:00.000000-74.006540.739340.7636-73.9925
11.3,Sat,3,-73.92538,40.743755,-73.913053,40.705703,2.0,2010-01-30 03:00:00.000000-73.925440.743840.7057-73.9131
14.1,Sat,3,-73.988225,40.73182,-73.974605,40.790627,2.0,2010-01-30 03:00:00.000000-73.988240.731840.7906-73.9746
8.9,Sat,3,-73.980782,40.721383,-73.96583,40.754438,2.0,2010-01-30 03:00:00.000000-73.980840.721440.7544-73.9658
4.1,Sat,3,-73.966462,40.761487,-73.956837,40.771508,2.0,2010-01-30 03:00:00.000000-73.966540.761540.7715-73.9568
22.9,Sat,3,-74.00181,40.733712,-73.921113,40.815263,2.0,2010-01-30 03:00:00.000000-74.001840.733740.8153-73.9211
11.7,Sat,3,-73.98537,40.727553,-73.96169,40.77683,2.0,2010-01-30 03:00:00.000000-73.985440.727640.7768-73.9617
14.1,Sat,3,-73.919623,40.743448,-73.958522,40.75999,2.0,2010-01-30 03:00:00.000000-73.919640.743440.76-73.9585
7.3,Sat,3,-74.008527,40.72596,-73.99455,40.751717,2.0,2010-01-30 03:00:00.000000-74.008540.72640.7517-73.9946
7.3,Sat,3,-73.97488,40.757017,-73.953557,40.78791,2.0,2010-01-30 03:00:00.000000-73.974940.75740.7879-73.9536
7.7,Sat,3,-73.998983,40.719225,-73.980973,40.729183,2.0,2010-01-30 03:00:00.000000-73.99940.719240.7292-73.981
3.7,Sat,3,-73.992343,40.734632,-73.988467,40.731997,2.0,2010-01-30 03:00:00.000000-73.992340.734640.732-73.9885
20.5,Sat,3,-73.98921,40.730808,-73.959545,40.808858,2.0,2010-01-30 03:00:00.000000-73.989240.730840.8089-73.9595
3.3,Sat,3,-73.972125,40.762197,-73.967038,40.766628,2.0,2010-01-30 03:00:00.000000-73.972140.762240.7666-73.967
5.3,Sat,3,-73.967683,40.756023,-73.981855,40.748193,2.0,2010-01-30 03:00:00.000000-73.967740.75640.7482-73.9819
6.1,Sat,3,-73.987298,40.747288,-73.979513,40.76103,2.0,2010-01-30 03:00:00.000000-73.987340.747340.761-73.9795
6.9,Sat,3,-73.993532,40.75712,-73.989525,40.747168,2.0,2010-01-30 03:00:00.000000-73.993540.757140.7472-73.9895
4.9,Sat,3,-74.001108,40.717975,-74.011552,40.708292,2.0,2010-01-30 03:00:00.000000-74.001140.71840.7083-74.0116
4.5,Sat,3,-73.991955,40.726138,-73.99319,40.717602,2.0,2010-01-30 03:00:00.000000-73.99240.726140.7176-73.9932
3.3,Sat,3,-73.99573,40.730485,-73.995572,40.730572,2.0,2010-01-30 03:00:00.000000-73.995740.730540.7306-73.9956
16.5,Sat,3,-73.982352,40.748493,-73.898938,40.74833,2.0,2010-01-30 03:00:00.000000-73.982440.748540.7483-73.8989
16.5,Sat,3,-73.990418,40.760835,-74.007462,40.707177,2.0,2010-01-30 03:00:00.000000-73.990440.760840.7072-74.0075
7.3,Sat,3,-73.978558,40.74472,-73.955567,40.76846,2.0,2010-01-30 03:00:00.000000-73.978640.744740.7685-73.9556
26.1,Sat,3,-73.993993,40.746188,-73.924592,40.64468,2.0,2010-01-30 03:00:00.000000-73.99440.746240.6447-73.9246
4.9,Sat,3,-73.99177,40.726223,-73.985323,40.735605,2.0,2010-01-30 03:00:00.000000-73.991840.726240.7356-73.9853
3.7,Thu,6,-73.973755,40.757092,-73.978871,40.750728,2.0,2010-07-01 06:38:29.000000-73.973840.757140.7507-73.9789
4.9,Fri,8,-73.964201,40.770412,-73.95786,40.781449,2.0,2009-03-13 08:57:18.000000-73.964240.770440.7814-73.9579
10.5,Sun,11,-73.986555,40.734326,-74.003062,40.706291,2.0,2009-10-25 11:01:38.000000-73.986640.734340.7063-74.0031
6.1,Sun,11,-73.974397,40.754917,-73.962525,40.773241,2.0,2009-06-07 11:36:12.000000-73.974440.754940.7732-73.9625
31.7,Wed,11,-73.872884,40.774104,-73.986286,40.770088,2.0,2011-07-20 11:32:08.000000-73.872940.774140.7701-73.9863
4.5,Sun,11,-74.011073,40.715111,-74.01655,40.705945,2.0,2009-06-07 11:36:12.000000-74.011140.715140.7059-74.0165
10.1,Sat,11,-73.966705,40.75676,-73.998527,40.724923,2.0,2009-08-01 11:50:34.000000-73.966740.756840.7249-73.9985
16.5,Sun,12,-73.776872,40.645221,-73.866337,40.673063,2.0,2011-09-11 12:43:08.000000-73.776940.645240.6731-73.8663
7.7,Sun,12,-73.982339,40.772757,-74.000497,40.747696,2.0,2011-09-11 12:43:08.000000-73.982340.772840.7477-74.0005
6.5,Sun,12,-73.964881,40.759482,-73.9683,40.768897,2.0,2011-09-11 12:43:08.000000-73.964940.759540.7689-73.9683
6.1,Mon,14,-74.001852,40.73074,-73.988178,40.749172,2.0,2012-06-11 14:54:29.000000-74.001940.730740.7492-73.9882
37.83,Sun,14,-73.977319,40.764469,-73.862161,40.768055,2.0,2014-05-25 14:53:46.000000-73.977340.764540.7681-73.8622
7.0,Mon,16,-73.976832,40.753427,-73.980838,40.764205,2.0,2014-05-12 16:58:00.000000-73.976840.753440.7642-73.9808
11.5,Mon,16,-73.969502,40.753307,-73.947215,40.784442,2.0,2014-05-12 16:58:00.000000-73.969540.753340.7844-73.9472
16.5,Mon,16,-74.00987,40.720215,-73.980487,40.7603,2.0,2014-05-12 16:58:00.000000-74.009940.720240.7603-73.9805
9.5,Mon,16,-73.96351,40.765897,-73.967287,40.75681,2.0,2014-05-12 16:58:00.000000-73.963540.765940.7568-73.9673
10.5,Mon,16,-73.962947,40.77674,-73.973072,40.764197,2.0,2014-05-12 16:58:00.000000-73.962940.776740.7642-73.9731
11.5,Mon,16,-73.9716,40.74417,-73.99242,40.74288,2.0,2014-05-12 16:58:00.000000-73.971640.744240.7429-73.9924
16.5,Mon,16,-73.99205,40.75138,-73.954217,40.766692,2.0,2014-05-12 16:58:00.000000-73.992140.751440.7667-73.9542
70.6,Wed,16,-73.981665,40.732407,-74.17672,40.693437,2.0,2011-12-21 16:49:20.000000-73.981740.732440.6934-74.1767
12.0,Mon,16,-73.973467,40.752357,-73.946032,40.778947,2.0,2014-05-12 16:58:00.000000-73.973540.752440.7789-73.946
6.5,Mon,16,-73.966972,40.772672,-73.955107,40.76513,2.0,2014-05-12 16:58:00.000000-73.96740.772740.7651-73.9551
4.5,Mon,16,-73.962313,40.767162,-73.967357,40.771947,2.0,2014-05-12 16:58:00.000000-73.962340.767240.7719-73.9674
6.5,Mon,16,-73.981207,40.767392,-73.981207,40.767392,2.0,2014-05-12 16:58:00.000000-73.981240.767440.7674-73.9812
12.0,Mon,16,-73.98441,40.7739,-73.95257,40.77259,2.0,2014-05-12 16:58:00.000000-73.984440.773940.7726-73.9526
10.0,Mon,16,-73.98898,40.73727,-74.00985,40.72602,2.0,2014-05-12 16:58:00.000000-73.98940.737340.726-74.0099
7.0,Mon,16,-73.97851,40.76247,-73.96103,40.75913,2.0,2014-05-12 16:58:00.000000-73.978540.762540.7591-73.961
5.0,Mon,16,-73.961022,40.777697,-73.96173,40.771947,2.0,2014-05-12 16:58:00.000000-73.96140.777740.7719-73.9617
3.5,Mon,16,-73.990638,40.742125,-73.990638,40.742125,2.0,2014-05-12 16:58:00.000000-73.990640.742140.7421-73.9906
27.5,Mon,16,-73.955217,40.7769,-73.937977,40.847792,2.0,2014-05-12 16:58:00.000000-73.955240.776940.8478-73.938
14.0,Mon,16,-73.978222,40.788287,-74.007175,40.744975,2.0,2014-05-12 16:58:00.000000-73.978240.788340.745-74.0072
13.0,Mon,16,-73.981542,40.763915,-73.995345,40.739957,2.0,2014-05-12 16:58:00.000000-73.981540.763940.74-73.9953
9.0,Mon,16,-74.01505,40.709107,-73.997807,40.717885,2.0,2014-05-12 16:58:00.000000-74.015140.709140.7179-73.9978
10.0,Mon,16,-73.991505,40.750042,-73.982147,40.77115,2.0,2014-05-12 16:58:00.000000-73.991540.7540.7711-73.9821
6.1,Wed,16,-73.9792,40.7854,-73.9824,40.7711,2.0,2011-12-21 16:49:20.000000-73.979240.785440.7711-73.9824
6.0,Mon,16,-73.959727,40.798787,-73.959817,40.808465,2.0,2014-05-12 16:58:00.000000-73.959740.798840.8085-73.9598
32.0,Mon,16,-73.875087,40.771495,-73.875087,40.771495,2.0,2014-05-12 16:58:00.000000-73.875140.771540.7715-73.8751
14.0,Mon,16,-74.009585,40.747287,-73.984508,40.72489,2.0,2014-05-12 16:58:00.000000-74.009640.747340.7249-73.9845
4.1,Sun,17,-73.9978,40.7567,-73.9901,40.7522,2.0,2011-09-04 17:24:02.000000-73.997840.756740.7522-73.9901
12.1,Fri,18,-73.979124,40.784955,-73.991531,40.750028,2.0,2009-11-13 18:18:29.000000-73.979140.78540.75-73.9915
6.5,Fri,18,-73.980426,40.765016,-73.991631,40.749715,2.0,2009-11-13 18:18:29.000000-73.980440.76540.7497-73.9916
6.5,Sun,18,-73.973418,40.75983,-73.98924,40.743786,2.0,2009-09-27 18:31:06.000000-73.973440.759840.7438-73.9892
10.0,Tue,21,-73.995634,40.744307,-73.966926,40.759856,2.0,2013-07-16 21:44:12.000000-73.995640.744340.7599-73.9669
5.3,Tue,21,-73.988045,40.751413,-73.990533,40.737028,2.0,2009-04-21 21:23:18.000000-73.98840.751440.737-73.9905
8.9,Sun,2,-74.004224,40.742176,-73.98382,40.759142,3.0,2011-07-31 02:45:57.000000-74.004240.742240.7591-73.9838
6.5,Sat,3,-74.005588,40.726225,-74.005487,40.741053,3.0,2010-01-30 03:00:00.000000-74.005640.726240.7411-74.0055
8.5,Sat,3,-74.007162,40.746645,-73.97514,40.754393,3.0,2010-01-30 03:00:00.000000-74.007240.746640.7544-73.9751
9.3,Sat,3,-74.006788,40.739447,-73.978893,40.752343,3.0,2010-01-30 03:00:00.000000-74.006840.739440.7523-73.9789
8.5,Sat,3,-74.007413,40.740122,-74.009988,40.72013,3.0,2010-01-30 03:00:00.000000-74.007440.740140.7201-74.01
5.3,Sat,3,-73.921058,40.767348,-73.905458,40.77331,3.0,2010-01-30 03:00:00.000000-73.921140.767340.7733-73.9055
12.9,Sat,3,-73.99707,40.714935,-73.934527,40.703985,3.0,2010-01-30 03:00:00.000000-73.997140.714940.704-73.9345
5.7,Sat,3,-73.9987,40.744758,-73.988715,40.764168,3.0,2010-01-30 03:00:00.000000-73.998740.744840.7642-73.9887
5.3,Sat,3,-73.987805,40.748035,-73.974787,40.751123,3.0,2010-01-30 03:00:00.000000-73.987840.74840.7511-73.9748
4.5,Sat,3,-74.00665,40.736475,-73.998465,40.744465,3.0,2010-01-30 03:00:00.000000-74.006640.736540.7445-73.9985
13.3,Sat,3,-74.007188,40.743767,-73.950197,40.772115,3.0,2010-01-30 03:00:00.000000-74.007240.743840.7721-73.9502
3.7,Sat,3,-73.985638,40.723027,-73.983633,40.72995,3.0,2010-01-30 03:00:00.000000-73.985640.72340.73-73.9836
10.1,Sat,3,-73.998187,40.740397,-74.016412,40.70514,3.0,2010-01-30 03:00:00.000000-73.998240.740440.7051-74.0164
8.9,Sat,14,-73.984277,40.749566,-73.99512,40.739184,3.0,2009-07-04 14:10:59.000000-73.984340.749640.7392-73.9951
5.5,Mon,16,-73.961347,40.806532,-73.956657,40.805227,3.0,2014-05-12 16:58:00.000000-73.961340.806540.8052-73.9567
9.5,Mon,16,-73.980912,40.759382,-73.979295,40.765255,3.0,2014-05-12 16:58:00.000000-73.980940.759440.7653-73.9793
5.0,Mon,16,-73.978845,40.752877,-73.973188,40.762722,3.0,2014-05-12 16:58:00.000000-73.978840.752940.7627-73.9732
8.0,Mon,16,-73.970905,40.761952,-73.982127,40.769442,3.0,2014-05-12 16:58:00.000000-73.970940.76240.7694-73.9821
5.5,Mon,16,-73.994407,40.741937,-74.001898,40.745957,3.0,2014-05-12 16:58:00.000000-73.994440.741940.746-74.0019
6.0,Mon,16,-73.995192,40.754932,-74.00738,40.741207,3.0,2014-05-12 16:58:00.000000-73.995240.754940.7412-74.0074
5.0,Fri,17,-73.904642,40.741326,-73.892268,40.738866,3.0,2014-09-19 17:32:41.000000-73.904640.741340.7389-73.8923
8.0,Tue,19,-74.0066986084,40.7311515808,-73.9882659912,40.7317237854,3.0,2015-06-30 19:25:09.000000-74.006740.731240.7317-73.9883
4.0,Tue,19,-73.9577789307,40.7736282349,-73.9521026611,40.7814903259,3.0,2015-06-30 19:25:09.000000-73.957840.773640.7815-73.9521
9.0,Fri,20,-73.9855957031,40.7595558167,-73.989402771,40.7419166565,3.0,2015-03-20 20:37:23.000000-73.985640.759640.7419-73.9894
11.7,Mon,0,-73.987767,40.721209,-73.950949,40.723697,4.0,2010-11-08 00:00:52.000000-73.987840.721240.7237-73.9509
8.1,Sat,3,-73.972827,40.756385,-73.98337,40.766985,4.0,2010-01-30 03:00:00.000000-73.972840.756440.767-73.9834
5.7,Sat,3,-73.993538,40.727543,-73.981985,40.740802,4.0,2010-01-30 03:00:00.000000-73.993540.727540.7408-73.982
15.3,Sat,3,-73.984633,40.77486,-73.938643,40.845292,4.0,2010-01-30 03:00:00.000000-73.984640.774940.8453-73.9386
7.7,Sat,3,-73.960088,40.808235,-73.937608,40.818333,4.0,2010-01-30 03:00:00.000000-73.960140.808240.8183-73.9376
20.5,Sat,3,-74.236488,40.777913,-74.24316,40.779605,4.0,2010-01-30 03:00:00.000000-74.236540.777940.7796-74.2432
14.9,Sat,3,-73.988893,40.731423,-73.966772,40.798862,4.0,2010-01-30 03:00:00.000000-73.988940.731440.7989-73.9668
9.3,Sat,3,-74.00234,40.734495,-73.993232,40.697595,4.0,2010-01-30 03:00:00.000000-74.002340.734540.6976-73.9932
3.7,Sat,3,-73.967122,40.756059,-73.971671,40.749819,4.0,2010-01-30 03:00:00.000000-73.967140.756140.7498-73.9717
5.7,Tue,9,-73.969876,40.764507,-73.969876,40.764507,4.0,2010-12-21 09:20:10.000000-73.969940.764540.7645-73.9699
7.5,Fri,10,-73.964053,40.76462,-73.976101,40.751195,4.0,2012-11-02 10:08:29.000000-73.964140.764640.7512-73.9761
7.0,Mon,16,-73.975062,40.741745,-73.964788,40.757492,4.0,2014-05-12 16:58:00.000000-73.975140.741740.7575-73.9648
5.5,Mon,16,-73.95577,40.806367,-73.96833,40.792,4.0,2014-05-12 16:58:00.000000-73.955840.806440.792-73.9683
15.0,Mon,16,-73.983787,40.74384,-73.94926,40.780292,4.0,2014-05-12 16:58:00.000000-73.983840.743840.7803-73.9493
11.0,Fri,19,-73.974504,40.742737,-74.002673,40.749187,4.0,2014-02-28 19:55:58.000000-73.974540.742740.7492-74.0027
7.5,Fri,20,-73.9492874146,40.7776985168,-73.9599075317,40.7627754211,4.0,2015-03-20 20:37:23.000000-73.949340.777740.7628-73.9599
6.1,Sat,3,-73.987123,40.75585,-73.97469,40.75661,5.0,2010-01-30 03:00:00.000000-73.987140.755940.7566-73.9747
4.9,Sat,3,-73.990882,40.733812,-73.97936,40.73162,5.0,2010-01-30 03:00:00.000000-73.990940.733840.7316-73.9794
4.5,Sat,3,-73.988957,40.730837,-73.988975,40.722572,5.0,2010-01-30 03:00:00.000000-73.98940.730840.7226-73.989
8.9,Sat,3,-73.995627,40.720845,-73.995627,40.720845,5.0,2010-01-30 03:00:00.000000-73.995640.720840.7208-73.9956
12.1,Sat,3,-73.987913,40.738253,-73.949952,40.784195,5.0,2010-01-30 03:00:00.000000-73.987940.738340.7842-73.95
6.9,Sat,3,-73.971868,40.756928,-73.989425,40.762732,5.0,2010-01-30 03:00:00.000000-73.971940.756940.7627-73.9894
21.3,Sat,3,-73.978183,40.75715,-73.923868,40.698178,5.0,2010-01-30 03:00:00.000000-73.978240.757240.6982-73.9239
16.1,Sat,3,-73.995053,40.735597,-73.906765,40.74701,5.0,2010-01-30 03:00:00.000000-73.995140.735640.747-73.9068
22.5,Sat,3,-73.991707,40.74416,-73.941722,40.843355,5.0,2010-01-30 03:00:00.000000-73.991740.744240.8434-73.9417
4.5,Sat,3,-73.999463,40.747442,-73.999463,40.747442,5.0,2010-01-30 03:00:00.000000-73.999540.747440.7474-73.9995
5.3,Sat,3,-73.98433,40.759213,-73.97693,40.748477,5.0,2010-01-30 03:00:00.000000-73.984340.759240.7485-73.9769
12.9,Sat,3,-73.995643,40.724643,-73.963002,40.771993,5.0,2010-01-30 03:00:00.000000-73.995640.724640.772-73.963
11.7,Sat,3,-74.006982,40.743833,-74.005037,40.705353,5.0,2010-01-30 03:00:00.000000-74.00740.743840.7054-74.005
13.3,Sat,3,-73.999363,40.730965,-73.951495,40.725547,5.0,2010-01-30 03:00:00.000000-73.999440.73140.7255-73.9515
2.9,Sat,3,-73.979613,40.723113,-73.98004,40.722582,5.0,2010-01-30 03:00:00.000000-73.979640.723140.7226-73.98
5.7,Sat,3,-73.967395,40.756872,-73.987843,40.76571,5.0,2010-01-30 03:00:00.000000-73.967440.756940.7657-73.9878
8.1,Sat,3,-73.964858,40.815152,-73.972275,40.815167,5.0,2010-01-30 03:00:00.000000-73.964940.815240.8152-73.9723
4.1,Sat,3,-73.987173,40.722793,-73.988537,40.727352,5.0,2010-01-30 03:00:00.000000-73.987240.722840.7274-73.9885
10.9,Sat,3,-73.994695,40.749548,-73.955573,40.76784,5.0,2010-01-30 03:00:00.000000-73.994740.749540.7678-73.9556
13.7,Sat,3,-73.992398,40.758128,-73.927128,40.7628,5.0,2010-01-30 03:00:00.000000-73.992440.758140.7628-73.9271
7.3,Sat,3,-73.996753,40.72056,-74.004143,40.742895,5.0,2010-01-30 03:00:00.000000-73.996840.720640.7429-74.0041
7.3,Sat,3,-73.997338,40.720952,-73.995057,40.743393,5.0,2010-01-30 03:00:00.000000-73.997340.72140.7434-73.9951
7.7,Sat,3,-74.000253,40.717477,-73.98086,40.741822,5.0,2010-01-30 03:00:00.000000-74.000340.717540.7418-73.9809
14.1,Sat,3,-73.98301,40.765142,-73.915223,40.757243,5.0,2010-01-30 03:00:00.000000-73.98340.765140.7572-73.9152
6.5,Sat,3,-73.992438,40.713948,-73.988133,40.73185,5.0,2010-01-30 03:00:00.000000-73.992440.713940.7319-73.9881
10.5,Fri,8,-73.9624862671,40.7727890015,-73.9782180786,40.7632904053,5.0,2015-01-30 08:15:56.000000-73.962540.772840.7633-73.9782
10.5,Mon,16,-74.008013,40.747352,-73.990545,40.745877,5.0,2014-05-12 16:58:00.000000-74.00840.747440.7459-73.9905
7.0,Mon,16,-73.954852,40.767552,-73.967832,40.762827,5.0,2014-05-12 16:58:00.000000-73.954940.767640.7628-73.9678
6.5,Mon,16,-73.989623,40.7417,-74.00599,40.742087,5.0,2014-05-12 16:58:00.000000-73.989640.741740.7421-74.006
11.5,Mon,16,-73.9656,40.771927,-73.978967,40.765947,5.0,2014-05-12 16:58:00.000000-73.965640.771940.7659-73.979
9.0,Mon,16,-73.988678,40.746905,-73.971117,40.76137,5.0,2014-05-12 16:58:00.000000-73.988740.746940.7614-73.9711
18.5,Mon,16,-73.996242,40.738337,-73.951387,40.781135,5.0,2014-05-12 16:58:00.000000-73.996240.738340.7811-73.9514
5.0,Mon,16,-73.969642,40.760552,-73.97609,40.749637,5.0,2014-05-12 16:58:00.000000-73.969640.760640.7496-73.9761
15.0,Mon,16,-73.977187,40.753432,-74.01031,40.719312,5.0,2014-05-12 16:58:00.000000-73.977240.753440.7193-74.0103
6.5,Mon,16,-73.977785,40.752055,-73.97914,40.762352,5.0,2014-05-12 16:58:00.000000-73.977840.752140.7624-73.9791
5.5,Mon,16,-73.996643,40.75293,-74.005892,40.739397,5.0,2014-05-12 16:58:00.000000-73.996640.752940.7394-74.0059
12.0,Mon,16,-73.97718,40.753437,-73.969302,40.786175,5.0,2014-05-12 16:58:00.000000-73.977240.753440.7862-73.9693
7.5,Mon,16,-73.99663,40.752627,-73.985692,40.770502,5.0,2014-05-12 16:58:00.000000-73.996640.752640.7705-73.9857
5.0,Mon,16,-73.982012,40.774685,-73.983792,40.780785,5.0,2014-05-12 16:58:00.000000-73.98240.774740.7808-73.9838
6.5,Mon,16,-73.98842,40.72312,-73.983135,40.738805,5.0,2014-05-12 16:58:00.000000-73.988440.723140.7388-73.9831
5.5,Mon,16,-73.941185,40.749,-73.937965,40.745215,5.0,2014-05-12 16:58:00.000000-73.941240.74940.7452-73.938
7.5,Mon,16,-73.973742,40.763412,-73.981167,40.774345,5.0,2014-05-12 16:58:00.000000-73.973740.763440.7743-73.9812
7.5,Mon,16,-73.987752,40.749687,-73.977047,40.751943,5.0,2014-05-12 16:58:00.000000-73.987840.749740.7519-73.977
7.5,Mon,16,-73.974882,40.758425,-73.96015,40.77635,5.0,2014-05-12 16:58:00.000000-73.974940.758440.7764-73.9601
5.5,Mon,16,-74.000142,40.73279,-74.007025,40.741752,5.0,2014-05-12 16:58:00.000000-74.000140.732840.7418-74.007
9.5,Mon,16,-73.95809,40.757662,-73.972558,40.763157,5.0,2014-05-12 16:58:00.000000-73.958140.757740.7632-73.9726
39.33,Mon,16,-73.964025,40.808085,-73.870962,40.77196,5.0,2014-05-12 16:58:00.000000-73.96440.808140.772-73.871
7.0,Mon,16,-73.991407,40.729597,-73.98077,40.733885,5.0,2014-05-12 16:58:00.000000-73.991440.729640.7339-73.9808
8.5,Tue,19,-73.955039978,40.7734909058,-73.9717254639,40.7573127747,5.0,2015-06-30 19:25:09.000000-73.95540.773540.7573-73.9717
10.5,Tue,21,-73.988683,40.737223,-73.978007,40.76446,5.0,2013-07-16 21:44:12.000000-73.988740.737240.7645-73.978
4.5,Sat,3,-74.005367,40.726178,-74.003187,40.73354,6.0,2010-01-30 03:00:00.000000-74.005440.726240.7335-74.0032
7.7,Sat,3,-73.99113,40.719577,-73.949352,40.710482,6.0,2010-01-30 03:00:00.000000-73.991140.719640.7105-73.9494
8.9,Sat,3,-74.00294,40.733513,-73.978088,40.749005,6.0,2010-01-30 03:00:00.000000-74.002940.733540.749-73.9781
6.1,Sat,3,-73.994047,40.730252,-73.977833,40.723738,6.0,2010-01-30 03:00:00.000000-73.99440.730340.7237-73.9778
4.1,Sat,3,-73.98985,40.756927,-73.982913,40.761982,6.0,2010-01-30 03:00:00.000000-73.989940.756940.762-73.9829
7.5,Mon,16,-73.974345,40.747757,-73.986255,40.728062,6.0,2014-05-12 16:58:00.000000-73.974340.747840.7281-73.9863
7.0,Mon,16,-73.996805,40.747485,-73.984648,40.745635,6.0,2014-05-12 16:58:00.000000-73.996840.747540.7456-73.9846
11.5,Mon,16,-74.008245,40.738105,-73.98149,40.75827,6.0,2014-05-12 16:58:00.000000-74.008240.738140.7583-73.9815
11.5,Mon,16,-73.977435,40.764817,-73.989852,40.762112,6.0,2014-05-12 16:58:00.000000-73.977440.764840.7621-73.9899
49.33,Mon,16,-73.87292,40.77397,-74.014985,40.709372,6.0,2014-05-12 16:58:00.000000-73.872940.77440.7094-74.015
8.0,Mon,16,-73.95555,40.779628,-73.964747,40.791435,6.0,2014-05-12 16:58:00.000000-73.955640.779640.7914-73.9647
3.5,Mon,16,-74.007662,40.72605,-74.00686,40.733027,6.0,2014-05-12 16:58:00.000000-74.007740.726140.733-74.0069
9.0,Mon,16,-73.971535,40.761982,-73.95017,40.775457,6.0,2014-05-12 16:58:00.000000-73.971540.76240.7755-73.9502
5.5,Mon,16,-73.986692,40.7404,-73.997142,40.7448,6.0,2014-05-12 16:58:00.000000-73.986740.740440.7448-73.9971
14.0,Mon,16,-73.988162,40.749382,-73.99557,40.721567,6.0,2014-05-12 16:58:00.000000-73.988240.749440.7216-73.9956
12.5,Mon,16,-73.97514,40.748667,-73.948187,40.77643,6.0,2014-05-12 16:58:00.000000-73.975140.748740.7764-73.9482
13.5,Mon,16,-73.98087,40.746017,-73.991655,40.763022,6.0,2014-05-12 16:58:00.000000-73.980940.74640.763-73.9917
12.0,Mon,16,-73.984747,40.764932,-74.00268,40.760637,6.0,2014-05-12 16:58:00.000000-73.984740.764940.7606-74.0027
6.0,Mon,16,-73.99224,40.740207,-73.99335,40.746367,6.0,2014-05-12 16:58:00.000000-73.992240.740240.7464-73.9934
52.33,Mon,16,-73.865862,40.77081,-74.015312,40.708367,6.0,2014-05-12 16:58:00.000000-73.865940.770840.7084-74.0153
19.0,Mon,16,-74.00824,40.705075,-73.990025,40.746797,6.0,2014-05-12 16:58:00.000000-74.008240.705140.7468-73.99
7.0,Mon,16,-73.976597,40.788367,-73.964697,40.806652,6.0,2014-05-12 16:58:00.000000-73.976640.788440.8067-73.9647
13.0,Mon,16,-73.98807,40.779377,-73.991885,40.75936,6.0,2014-05-12 16:58:00.000000-73.988140.779440.7594-73.9919
9.5,Mon,16,-74.004477,40.747885,-74.009685,40.722605,6.0,2014-05-12 16:58:00.000000-74.004540.747940.7226-74.0097
4.5,Mon,16,-73.958187,40.775577,-73.948163,40.771432,6.0,2014-05-12 16:58:00.000000-73.958240.775640.7714-73.9482
10.0,Mon,16,-73.962022,40.779402,-73.95886,40.763857,6.0,2014-05-12 16:58:00.000000-73.96240.779440.7639-73.9589
11.5,Sun,23,-73.947512,40.723167,-73.905049,40.721231,1.0,2014-04-06 23:01:23.000000-73.947540.723240.7212-73.905
4.9,Sat,5,-73.962533,40.760831,-73.952428,40.771311,1.0,2012-03-17 05:15:27.000000-73.962540.760840.7713-73.9524
7.3,Mon,0,-73.991936,40.730761,-73.992215,40.750154,1.0,2010-11-08 00:00:52.000000-73.991940.730840.7502-73.9922
27.07,Mon,0,-73.873086,40.774093,-73.977928,40.783805,1.0,2010-11-08 00:00:52.000000-73.873140.774140.7838-73.9779
16.5,Mon,1,-73.96629,40.758025,-74.012665,40.71649,1.0,2012-05-07 01:08:15.000000-73.966340.75840.7165-74.0127
17.0,Fri,1,-74.010279,40.732249,-73.972798,40.787617,1.0,2013-10-04 01:48:37.000000-74.010340.732240.7876-73.9728
13.0,Fri,1,-73.98355,40.747467,-73.946128,40.788923,1.0,2013-10-04 01:48:37.000000-73.983540.747540.7889-73.9461
19.7,Sun,2,-74.00028,40.72038,-73.965287,40.805878,1.0,2011-07-31 02:45:57.000000-74.000340.720440.8059-73.9653
27.7,Sun,2,-73.985626,40.722176,-73.839884,40.72004,1.0,2011-07-31 02:45:57.000000-73.985640.722240.72-73.8399
10.9,Sat,3,-73.991768,40.735375,-73.99458,40.745633,1.0,2010-01-30 03:00:00.000000-73.991840.735440.7456-73.9946
5.3,Sat,3,-73.997645,40.74643,-73.990537,40.73676,1.0,2010-01-30 03:00:00.000000-73.997640.746440.7368-73.9905
11.7,Sat,3,-73.993477,40.721935,-73.983073,40.765363,1.0,2010-01-30 03:00:00.000000-73.993540.721940.7654-73.9831
31.07,Sat,3,-74.00626,40.739672,-74.030692,40.616315,1.0,2010-01-30 03:00:00.000000-74.006340.739740.6163-74.0307
6.9,Sat,3,-73.975008,40.764793,-73.94992,40.784117,1.0,2010-01-30 03:00:00.000000-73.97540.764840.7841-73.9499
8.9,Sat,3,-74.000387,40.728732,-74.007283,40.708538,1.0,2010-01-30 03:00:00.000000-74.000440.728740.7085-74.0073
12.5,Sat,3,-73.982932,40.745018,-73.94432,40.800463,1.0,2010-01-30 03:00:00.000000-73.982940.74540.8005-73.9443
11.7,Sat,3,-73.978483,40.880675,-74.023542,40.884427,1.0,2010-01-30 03:00:00.000000-73.978540.880740.8844-74.0235
5.3,Sat,3,-73.98869,40.738182,-73.998625,40.745248,1.0,2010-01-30 03:00:00.000000-73.988740.738240.7452-73.9986
4.1,Sat,3,-73.986618,40.718215,-73.984758,40.732357,1.0,2010-01-30 03:00:00.000000-73.986640.718240.7324-73.9848
9.7,Sat,3,-73.984622,40.74526,-74.009525,40.710215,1.0,2010-01-30 03:00:00.000000-73.984640.745340.7102-74.0095
11.3,Sat,3,-74.002965,40.73309,-73.970188,40.69513,1.0,2010-01-30 03:00:00.000000-74.00340.733140.6951-73.9702
15.7,Sat,3,-73.988383,40.731698,-73.926992,40.768608,1.0,2010-01-30 03:00:00.000000-73.988440.731740.7686-73.927
4.5,Sat,3,-73.956933,40.77125,-73.965755,40.76536,1.0,2010-01-30 03:00:00.000000-73.956940.771340.7654-73.9658
3.7,Sat,3,-74.001932,40.719547,-73.997055,40.714722,1.0,2010-01-30 03:00:00.000000-74.001940.719540.7147-73.9971
5.7,Sat,3,-74.005677,40.72631,-74.006455,40.738702,1.0,2010-01-30 03:00:00.000000-74.005740.726340.7387-74.0065
5.7,Sat,3,-74.0062,40.73979,-73.992567,40.735742,1.0,2010-01-30 03:00:00.000000-74.006240.739840.7357-73.9926
7.3,Sat,3,-73.984637,40.768745,-73.981008,40.747372,1.0,2010-01-30 03:00:00.000000-73.984640.768740.7474-73.981
12.9,Sat,3,-73.973307,40.678447,-73.978707,40.73677,1.0,2010-01-30 03:00:00.000000-73.973340.678440.7368-73.9787
9.7,Sat,3,-73.990985,40.733848,-74.012267,40.714635,1.0,2010-01-30 03:00:00.000000-73.99140.733840.7146-74.0123
4.5,Sat,3,-73.995518,40.73076,-73.986417,40.737145,1.0,2010-01-30 03:00:00.000000-73.995540.730840.7371-73.9864
7.7,Sat,3,-74.016345,40.705427,-74.004725,40.730972,1.0,2010-01-30 03:00:00.000000-74.016340.705440.731-74.0047
4.5,Sat,3,-74.000398,40.732525,-73.989328,40.729413,1.0,2010-01-30 03:00:00.000000-74.000440.732540.7294-73.9893
15.7,Sat,3,-73.985685,40.719418,-73.941087,40.722577,1.0,2010-01-30 03:00:00.000000-73.985740.719440.7226-73.9411
16.1,Sat,3,-73.984405,40.728762,-73.921077,40.756422,1.0,2010-01-30 03:00:00.000000-73.984440.728840.7564-73.9211
6.1,Sat,3,-74.005513,40.74069,-73.98978,40.729527,1.0,2010-01-30 03:00:00.000000-74.005540.740740.7295-73.9898
28.5,Sat,3,-73.977267,40.753482,-73.83498,40.705108,1.0,2010-01-30 03:00:00.000000-73.977340.753540.7051-73.835
4.5,Sat,3,-73.987957,40.738012,-73.980257,40.744213,1.0,2010-01-30 03:00:00.000000-73.98840.73840.7442-73.9803
7.7,Sat,3,-73.968517,40.712505,-73.988583,40.722888,1.0,2010-01-30 03:00:00.000000-73.968540.712540.7229-73.9886
9.3,Sat,3,-73.997885,40.718193,-74.000722,40.740713,1.0,2010-01-30 03:00:00.000000-73.997940.718240.7407-74.0007
12.9,Sat,3,-74.005307,40.733193,-73.973987,40.791385,1.0,2010-01-30 03:00:00.000000-74.005340.733240.7914-73.974
3.7,Thu,3,-73.974388,40.75681,-73.967941,40.760398,1.0,2009-08-27 03:06:06.000000-73.974440.756840.7604-73.9679
14.5,Sat,3,-73.997395,40.720793,-73.979522,40.779727,1.0,2010-01-30 03:00:00.000000-73.997440.720840.7797-73.9795
8.1,Sat,3,-74.000207,40.729638,-73.98149,40.721892,1.0,2010-01-30 03:00:00.000000-74.000240.729640.7219-73.9815
4.9,Sat,3,-73.987823,40.738178,-73.994037,40.746127,1.0,2010-01-30 03:00:00.000000-73.987840.738240.7461-73.994
7.7,Sat,3,-73.995262,40.739288,-73.991833,40.764552,1.0,2010-01-30 03:00:00.000000-73.995340.739340.7646-73.9918
21.7,Sat,3,-73.98579,40.756945,-73.92007,40.687538,1.0,2010-01-30 03:00:00.000000-73.985840.756940.6875-73.9201
4.5,Sat,3,-73.921935,40.75537,-73.914417,40.764773,1.0,2010-01-30 03:00:00.000000-73.921940.755440.7648-73.9144
14.5,Sat,3,-73.982947,40.745312,-74.012933,40.708883,1.0,2010-01-30 03:00:00.000000-73.982940.745340.7089-74.0129
25.3,Sat,3,-73.936547,40.837407,-73.936547,40.837407,1.0,2010-01-30 03:00:00.000000-73.936540.837440.8374-73.9365
6.1,Sat,3,-73.987657,40.747983,-73.991968,40.759142,1.0,2010-01-30 03:00:00.000000-73.987740.74840.7591-73.992
6.5,Sat,3,-74.006693,40.744245,-73.988497,40.75888,1.0,2010-01-30 03:00:00.000000-74.006740.744240.7589-73.9885
8.1,Sat,3,-73.987723,40.7324,-73.995575,40.753935,1.0,2010-01-30 03:00:00.000000-73.987740.732440.7539-73.9956
8.5,Sat,3,-73.987925,40.720657,-73.98159,40.747093,1.0,2010-01-30 03:00:00.000000-73.987940.720740.7471-73.9816
5.3,Sat,3,-73.998462,40.745338,-73.991693,40.760007,1.0,2010-01-30 03:00:00.000000-73.998540.745340.76-73.9917
4.9,Sat,3,-73.995158,40.760442,-73.981612,40.76324,1.0,2010-01-30 03:00:00.000000-73.995240.760440.7632-73.9816
4.1,Sat,3,-73.990998,40.733932,-73.990627,40.728242,1.0,2010-01-30 03:00:00.000000-73.99140.733940.7282-73.9906
14.9,Sat,3,-73.987222,40.733365,-73.91391,40.75844,1.0,2010-01-30 03:00:00.000000-73.987240.733440.7584-73.9139
8.9,Sat,3,-74.005588,40.740612,-73.97285,40.736818,1.0,2010-01-30 03:00:00.000000-74.005640.740640.7368-73.9728
20.1,Sat,3,-73.99654,40.722068,-73.907673,40.770702,1.0,2010-01-30 03:00:00.000000-73.996540.722140.7707-73.9077
4.1,Sat,3,-73.99147,40.726923,-73.982752,40.731163,1.0,2010-01-30 03:00:00.000000-73.991540.726940.7312-73.9828
15.3,Sat,3,-74.00772,40.7376,-73.94292,40.71613,1.0,2010-01-30 03:00:00.000000-74.007740.737640.7161-73.9429
9.3,Sat,3,-73.987022,40.696035,-73.950763,40.685447,1.0,2010-01-30 03:00:00.000000-73.98740.69640.6854-73.9508
14.5,Sat,3,-74.00269,40.734298,-73.974118,40.672423,1.0,2010-01-30 03:00:00.000000-74.002740.734340.6724-73.9741
4.1,Sat,3,-73.99108,40.770203,-73.999822,40.761473,1.0,2010-01-30 03:00:00.000000-73.991140.770240.7615-73.9998
7.3,Sat,3,-73.961782,40.71382,-73.946347,40.695458,1.0,2010-01-30 03:00:00.000000-73.961840.713840.6955-73.9463
6.1,Sat,3,-73.98821,40.72352,-73.99133,40.731983,1.0,2010-01-30 03:00:00.000000-73.988240.723540.732-73.9913
5.3,Sat,3,-73.997517,40.746518,-74.002547,40.730615,1.0,2010-01-30 03:00:00.000000-73.997540.746540.7306-74.0025
15.3,Sat,3,-73.998953,40.745652,-73.964288,40.71269,1.0,2010-01-30 03:00:00.000000-73.99940.745740.7127-73.9643
8.5,Sat,3,-73.976127,40.751002,-73.98756,40.734098,1.0,2010-01-30 03:00:00.000000-73.976140.75140.7341-73.9876
8.0,Thu,4,-74.001429,40.736143,-74.001686,40.740959,1.0,2012-09-27 04:16:16.000000-74.001440.736140.741-74.0017
7.3,Thu,4,-73.987764,40.749653,-73.96404,40.764778,1.0,2009-10-08 04:13:32.000000-73.987840.749740.7648-73.964
8.0,Thu,4,-73.988244,40.718359,-73.954027,40.70795,1.0,2012-09-27 04:16:16.000000-73.988240.718440.7079-73.954
23.7,Tue,6,-73.982309,40.727808,-73.872108,40.774521,1.0,2010-10-05 06:42:52.000000-73.982340.727840.7745-73.8721
6.5,Thu,6,-73.958912,40.777504,-73.976491,40.759144,1.0,2010-07-01 06:38:29.000000-73.958940.777540.7591-73.9765
6.5,Mon,6,-73.98066,40.73398,-73.996624,40.737357,1.0,2014-05-19 06:36:50.000000-73.980740.73440.7374-73.9966
13.3,Thu,6,-73.972519,40.749282,-74.00563,40.711344,1.0,2011-11-17 06:42:11.000000-73.972540.749340.7113-74.0056
5.3,Thu,7,-73.9589,40.763752,-73.971527,40.765546,1.0,2010-08-05 07:53:34.000000-73.958940.763840.7655-73.9715
9.0,Sat,7,-73.979235,40.763721,-74.004725,40.741814,1.0,2013-01-05 07:40:20.000000-73.979240.763740.7418-74.0047
6.0,Sat,7,-73.980105,40.751098,-73.98368,40.744251,1.0,2013-01-05 07:40:20.000000-73.980140.751140.7443-73.9837
5.5,Fri,8,-73.946182251,40.7920608521,-73.9402313232,40.7887916565,1.0,2015-01-30 08:15:56.000000-73.946240.792140.7888-73.9402
7.5,Fri,8,-73.9948425293,40.7316131592,-73.9873199463,40.7448158264,1.0,2015-01-30 08:15:56.000000-73.994840.731640.7448-73.9873
10.5,Fri,8,-73.991052,40.730068,-73.98518,40.759493,1.0,2009-03-13 08:57:18.000000-73.991140.730140.7595-73.9852
8.1,Fri,8,-73.989922,40.759704,-73.978825,40.75177,1.0,2009-03-13 08:57:18.000000-73.989940.759740.7518-73.9788
12.5,Fri,8,-73.9980392456,40.7359085083,-73.9714660645,40.7558364868,1.0,2015-01-30 08:15:56.000000-73.99840.735940.7558-73.9715
9.7,Fri,8,-73.976334,40.760647,-73.958098,40.773782,1.0,2009-03-13 08:57:18.000000-73.976340.760640.7738-73.9581
25.0,Fri,8,-74.0156784058,40.7104225159,-73.9717254639,40.7590332031,1.0,2015-01-30 08:15:56.000000-74.015740.710440.759-73.9717
4.5,Fri,8,-73.9992828369,40.7492752075,-74.0055770874,40.7392616272,1.0,2015-01-30 08:15:56.000000-73.999340.749340.7393-74.0056
10.0,Fri,8,-73.9743804932,40.7913894653,-73.9922332764,40.7692718506,1.0,2015-01-30 08:15:56.000000-73.974440.791440.7693-73.9922
18.5,Fri,8,-73.9727630615,40.7489051819,-74.0078201294,40.7104110718,1.0,2015-01-30 08:15:56.000000-73.972840.748940.7104-74.0078
7.3,Fri,8,-73.989048,40.757805,-73.975191,40.755886,1.0,2009-03-13 08:57:18.000000-73.98940.757840.7559-73.9752
6.1,Tue,9,-73.957031,40.780765,-73.970014,40.764641,1.0,2010-12-21 09:20:10.000000-73.95740.780840.7646-73.97
13.3,Tue,9,-73.792757,40.661503,-73.866108,40.678653,1.0,2010-12-21 09:20:10.000000-73.792840.661540.6787-73.8661
10.5,Wed,10,-73.965952,40.758466,-73.982345,40.746597,1.0,2012-12-19 10:06:28.000000-73.96640.758540.7466-73.9823
5.0,Wed,10,-73.975021,40.742119,-73.982374,40.735875,1.0,2012-12-19 10:06:28.000000-73.97540.742140.7359-73.9824
9.0,Fri,10,-73.944452,40.780078,-73.964571,40.760502,1.0,2012-11-02 10:08:29.000000-73.944540.780140.7605-73.9646
6.1,Fri,10,-73.957079,40.780779,-73.968819,40.768092,1.0,2009-11-13 10:16:02.000000-73.957140.780840.7681-73.9688
6.1,Tue,10,-73.976954,40.754425,-73.984179,40.748879,1.0,2012-02-07 10:36:57.000000-73.97740.754440.7489-73.9842
8.5,Tue,10,-73.993166,40.736832,-73.98652,40.754382,1.0,2012-02-07 10:36:57.000000-73.993240.736840.7544-73.9865
10.9,Tue,10,-74.003385,40.74815,-73.983182,40.731569,1.0,2012-02-07 10:36:57.000000-74.003440.748240.7316-73.9832
3.7,Tue,10,-73.959411,40.777101,-73.955194,40.78338,1.0,2012-02-07 10:36:57.000000-73.959440.777140.7834-73.9552
18.5,Wed,10,-73.973196,40.79298,-73.985739,40.753271,1.0,2012-12-19 10:06:28.000000-73.973240.79340.7533-73.9857
8.9,Tue,10,-73.975804,40.740801,-74.003941,40.738839,1.0,2012-02-07 10:36:57.000000-73.975840.740840.7388-74.0039
10.1,Tue,10,-74.003477,40.748239,-73.977883,40.754073,1.0,2012-02-07 10:36:57.000000-74.003540.748240.7541-73.9779
86.7,Wed,11,-73.969407,40.758416,-74.20211,40.995096,1.0,2011-07-20 11:32:08.000000-73.969440.758440.9951-74.2021
10.1,Wed,11,-73.981387,40.767803,-73.952553,40.7893,1.0,2011-07-20 11:32:08.000000-73.981440.767840.7893-73.9526
6.9,Wed,11,-73.989667,40.735362,-73.978505,40.750876,1.0,2011-07-20 11:32:08.000000-73.989740.735440.7509-73.9785
6.1,Sat,11,-73.994331,40.750861,-73.988545,40.756412,1.0,2011-09-10 11:40:42.000000-73.994340.750940.7564-73.9885
3.7,Sat,11,-73.9845,40.7457,-73.9783,40.7521,1.0,2011-09-10 11:40:42.000000-73.984540.745740.7521-73.9783
6.5,Sun,11,-73.987788,40.764998,-73.989869,40.750483,1.0,2009-06-07 11:36:12.000000-73.987840.76540.7505-73.9899
10.5,Wed,11,-73.990372,40.719006,-74.000397,40.744566,1.0,2011-07-20 11:32:08.000000-73.990440.71940.7446-74.0004
5.3,Sun,11,-73.980446,40.742694,-73.988227,40.747126,1.0,2009-06-07 11:36:12.000000-73.980440.742740.7471-73.9882
8.1,Wed,11,-73.981047,40.747085,-73.956934,40.764842,1.0,2011-07-20 11:32:08.000000-73.98140.747140.7648-73.9569
6.5,Wed,11,-73.986038,40.680181,-73.986038,40.680181,1.0,2011-07-20 11:32:08.000000-73.98640.680240.6802-73.986
6.5,Sun,11,-73.975033,40.745921,-73.996634,40.753322,1.0,2009-10-25 11:01:38.000000-73.97540.745940.7533-73.9966
3.7,Sun,11,-73.984143,40.780434,-73.98225,40.776614,1.0,2009-10-25 11:01:38.000000-73.984140.780440.7766-73.9822
8.5,Tue,12,-73.963558,40.774433,-73.946027,40.79836,1.0,2013-10-01 12:05:50.000000-73.963640.774440.7984-73.946
9.7,Fri,12,-73.984162,40.767241,-73.967796,40.752417,1.0,2009-03-27 12:29:05.000000-73.984240.767240.7524-73.9678
9.5,Tue,12,-73.958748,40.780617,-73.972262,40.798992,1.0,2013-10-01 12:05:50.000000-73.958740.780640.799-73.9723
13.7,Sun,12,-73.953327,40.774325,-74.003771,40.759147,1.0,2011-09-11 12:43:08.000000-73.953340.774340.7591-74.0038
4.1,Sun,12,-73.9502,40.7799,-73.9594,40.7742,1.0,2011-09-11 12:43:08.000000-73.950240.779940.7742-73.9594
9.5,Tue,12,-73.982358,40.751665,-74.001838,40.73528,1.0,2013-10-01 12:05:50.000000-73.982440.751740.7353-74.0018
7.5,Tue,12,-74.00686,40.748737,-73.993398,40.743013,1.0,2013-10-01 12:05:50.000000-74.006940.748740.743-73.9934
10.0,Tue,12,-73.971347,40.751229,-73.985145,40.747108,1.0,2013-10-01 12:05:50.000000-73.971340.751240.7471-73.9851
6.0,Tue,12,-73.969817,40.762053,-73.973755,40.756116,1.0,2013-10-01 12:05:50.000000-73.969840.762140.7561-73.9738
7.5,Tue,12,-73.95454,40.777848,-73.955263,40.764277,1.0,2013-10-01 12:05:50.000000-73.954540.777840.7643-73.9553
8.1,Fri,12,-73.962328,40.778995,-73.973543,40.763504,1.0,2009-03-27 12:29:05.000000-73.962340.77940.7635-73.9735
5.0,Fri,13,-74.014352,40.71478,-74.009289,40.724157,1.0,2014-04-18 13:28:47.000000-74.014440.714840.7242-74.0093
10.0,Fri,13,-74.004261,40.742473,-73.98185,40.744147,1.0,2014-04-18 13:28:47.000000-74.004340.742540.7441-73.9818
14.0,Fri,13,-73.958824,40.779517,-73.979811,40.752753,1.0,2014-04-18 13:28:47.000000-73.958840.779540.7528-73.9798
19.5,Fri,13,-74.005119,40.741823,-73.971672,40.780516,1.0,2014-04-18 13:28:47.000000-74.005140.741840.7805-73.9717
5.5,Thu,14,-73.974568,40.763159,-73.967091,40.76878,1.0,2012-11-08 14:24:25.000000-73.974640.763240.7688-73.9671
8.9,Sat,14,-73.961507,40.756294,-73.982555,40.772663,1.0,2009-07-04 14:10:59.000000-73.961540.756340.7727-73.9826
5.7,Mon,14,-73.981486,40.761458,-73.992093,40.749026,1.0,2012-07-09 14:44:46.000000-73.981540.761540.749-73.9921
6.1,Sat,14,-73.844311,40.721355,-73.844595,40.721552,1.0,2009-07-04 14:10:59.000000-73.844340.721440.7216-73.8446
4.9,Mon,14,-73.97142,40.782677,-73.963236,40.774792,1.0,2012-06-11 14:54:29.000000-73.971440.782740.7748-73.9632
4.5,Mon,14,-73.961256,40.762013,-73.959849,40.771985,1.0,2012-06-11 14:54:29.000000-73.961340.76240.772-73.9598
4.9,Mon,14,-73.945575,40.774376,-73.953568,40.767175,1.0,2012-06-11 14:54:29.000000-73.945640.774440.7672-73.9536
5.5,Sun,14,-73.979758,40.783722,-73.982289,40.772144,1.0,2014-05-25 14:53:46.000000-73.979840.783740.7721-73.9823
8.0,Thu,14,-73.984995,40.747125,-73.991023,40.755948,1.0,2012-11-08 14:24:25.000000-73.98540.747140.7559-73.991
4.9,Mon,14,-73.988632,40.748877,-73.991618,40.738513,1.0,2012-07-09 14:44:46.000000-73.988640.748940.7385-73.9916
11.7,Mon,14,-73.962315,40.805043,-73.958217,40.780662,1.0,2012-06-11 14:54:29.000000-73.962340.80540.7807-73.9582
9.0,Wed,14,-73.97319,40.764251,-73.971602,40.750913,1.0,2013-03-27 14:40:31.000000-73.973240.764340.7509-73.9716
7.0,Thu,14,-73.961927,40.776248,-73.979995,40.785312,1.0,2012-11-08 14:24:25.000000-73.961940.776240.7853-73.98
11.0,Sun,16,-73.958658,40.760117,-73.992388,40.738121,1.0,2014-07-27 16:00:05.000000-73.958740.760140.7381-73.9924
3.5,Mon,16,-73.973262,40.755422,-73.975972,40.750617,1.0,2014-05-12 16:58:00.000000-73.973340.755440.7506-73.976
14.5,Mon,16,-73.98203,40.72087,-74.014335,40.716832,1.0,2014-05-12 16:58:00.000000-73.98240.720940.7168-74.0143
12.5,Mon,16,-74.00447,40.7074,-73.976363,40.683537,1.0,2014-05-12 16:58:00.000000-74.004540.707440.6835-73.9764
4.5,Mon,16,-73.967757,40.801127,-73.967757,40.801127,1.0,2014-05-12 16:58:00.000000-73.967840.801140.8011-73.9678
6.5,Mon,16,-73.96918,40.74974,-73.95595,40.76599,1.0,2014-05-12 16:58:00.000000-73.969240.749740.766-73.956
18.5,Mon,16,-73.98222,40.75791,-73.958735,40.799657,1.0,2014-05-12 16:58:00.000000-73.982240.757940.7997-73.9587
13.0,Mon,16,-73.984702,40.754162,-73.946555,40.774007,1.0,2014-05-12 16:58:00.000000-73.984740.754240.774-73.9466
8.5,Mon,16,-73.990225,40.732207,-73.99607,40.74261,1.0,2014-05-12 16:58:00.000000-73.990240.732240.7426-73.9961
14.0,Mon,16,-73.960635,40.781107,-73.979747,40.754662,1.0,2014-05-12 16:58:00.000000-73.960640.781140.7547-73.9797
18.0,Mon,16,-73.961863,40.779527,-73.982927,40.731472,1.0,2014-05-12 16:58:00.000000-73.961940.779540.7315-73.9829
14.0,Mon,16,-73.98089,40.764302,-73.957275,40.765112,1.0,2014-05-12 16:58:00.000000-73.980940.764340.7651-73.9573
12.0,Mon,16,-73.98033,40.785592,-73.964712,40.770142,1.0,2014-05-12 16:58:00.000000-73.980340.785640.7701-73.9647
8.0,Mon,16,-73.972077,40.756817,-73.987227,40.736227,1.0,2014-05-12 16:58:00.000000-73.972140.756840.7362-73.9872
43.5,Mon,16,-73.862945,40.768792,-73.99646,40.742752,1.0,2014-05-12 16:58:00.000000-73.862940.768840.7428-73.9965
12.5,Mon,16,-73.987305,40.760682,-73.958448,40.770582,1.0,2014-05-12 16:58:00.000000-73.987340.760740.7706-73.9584
28.0,Mon,16,-73.945873,40.803757,-73.994367,40.734775,1.0,2014-05-12 16:58:00.000000-73.945940.803840.7348-73.9944
12.0,Mon,16,-73.964187,40.76519,-73.960253,40.798187,1.0,2014-05-12 16:58:00.000000-73.964240.765240.7982-73.9603
5.5,Mon,16,-73.979368,40.784923,-73.985498,40.776843,1.0,2014-05-12 16:58:00.000000-73.979440.784940.7768-73.9855
36.5,Mon,16,-73.872985,40.774425,-73.789872,40.646957,1.0,2014-05-12 16:58:00.000000-73.87340.774440.647-73.7899
7.5,Mon,16,-73.975162,40.755037,-73.984725,40.74458,1.0,2014-05-12 16:58:00.000000-73.975240.75540.7446-73.9847
9.0,Mon,16,-73.959982,40.779242,-73.961395,40.802,1.0,2014-05-12 16:58:00.000000-73.9640.779240.802-73.9614
9.0,Mon,16,-73.978362,40.75414,-73.956492,40.783922,1.0,2014-05-12 16:58:00.000000-73.978440.754140.7839-73.9565
29.5,Mon,16,-73.96904,40.764035,-74.007812,40.703057,1.0,2014-05-12 16:58:00.000000-73.96940.76440.7031-74.0078
4.5,Mon,16,-73.975428,40.752277,-73.980185,40.747392,1.0,2014-05-12 16:58:00.000000-73.975440.752340.7474-73.9802
21.0,Mon,16,-73.988795,40.742805,-73.987892,40.743757,1.0,2014-05-12 16:58:00.000000-73.988840.742840.7438-73.9879
8.0,Mon,16,-73.98574,40.746582,-74.004142,40.742882,1.0,2014-05-12 16:58:00.000000-73.985740.746640.7429-74.0041
16.0,Sun,16,-73.991861,40.758012,-73.997453,40.721995,1.0,2014-07-27 16:00:05.000000-73.991940.75840.722-73.9975
3.5,Mon,16,-73.954597,40.767302,-73.954177,40.767157,1.0,2014-05-12 16:58:00.000000-73.954640.767340.7672-73.9542
10.0,Mon,16,-73.990105,40.772212,-73.98926,40.772932,1.0,2014-05-12 16:58:00.000000-73.990140.772240.7729-73.9893
25.5,Mon,16,-73.964482,40.792187,-73.994825,40.739802,1.0,2014-05-12 16:58:00.000000-73.964540.792240.7398-73.9948
14.0,Mon,16,-73.96601,40.768215,-73.968582,40.80159,1.0,2014-05-12 16:58:00.000000-73.96640.768240.8016-73.9686
8.5,Mon,16,-73.952605,40.786365,-73.969112,40.798125,1.0,2014-05-12 16:58:00.000000-73.952640.786440.7981-73.9691
10.5,Mon,16,-74.00227,40.7345,-73.98286,40.7571,1.0,2014-05-12 16:58:00.000000-74.002340.734540.7571-73.9829
9.0,Mon,16,-73.970667,40.753537,-73.959398,40.773457,1.0,2014-05-12 16:58:00.000000-73.970740.753540.7735-73.9594
32.5,Mon,16,-73.87117,40.77382,-73.984393,40.69167,1.0,2014-05-12 16:58:00.000000-73.871240.773840.6917-73.9844
5.5,Mon,16,-73.99721,40.742152,-74.00781,40.731862,1.0,2014-05-12 16:58:00.000000-73.997240.742240.7319-74.0078
49.8,Wed,16,-73.992959,40.747883,-73.786763,40.640179,1.0,2011-12-21 16:49:20.000000-73.99340.747940.6402-73.7868
15.0,Mon,16,-74.003422,40.708075,-74.006575,40.731725,1.0,2014-05-12 16:58:00.000000-74.003440.708140.7317-74.0066
8.0,Mon,16,-73.95783,40.77631,-73.9647,40.79266,1.0,2014-05-12 16:58:00.000000-73.957840.776340.7927-73.9647
19.0,Mon,16,-73.982593,40.750695,-74.013702,40.709495,1.0,2014-05-12 16:58:00.000000-73.982640.750740.7095-74.0137
15.0,Mon,16,-73.98009,40.770657,-73.94077,40.789017,1.0,2014-05-12 16:58:00.000000-73.980140.770740.789-73.9408
4.0,Mon,16,-73.97673,40.780377,-73.981465,40.773657,1.0,2014-05-12 16:58:00.000000-73.976740.780440.7737-73.9815
34.0,Mon,16,-73.969562,40.763215,-73.990788,40.70354,1.0,2014-05-12 16:58:00.000000-73.969640.763240.7035-73.9908
10.0,Mon,16,-73.958955,40.78101,-73.985252,40.778837,1.0,2014-05-12 16:58:00.000000-73.95940.78140.7788-73.9853
5.5,Mon,16,-73.963362,40.765507,-73.950957,40.771752,1.0,2014-05-12 16:58:00.000000-73.963440.765540.7718-73.951
4.0,Mon,16,-73.980587,40.780227,-73.975017,40.780167,1.0,2014-05-12 16:58:00.000000-73.980640.780240.7802-73.975
30.5,Mon,16,-73.940588,40.840102,-73.990373,40.72905,1.0,2014-05-12 16:58:00.000000-73.940640.840140.7291-73.9904
6.0,Mon,16,-73.971912,40.787015,-73.984042,40.78041,1.0,2014-05-12 16:58:00.000000-73.971940.78740.7804-73.984
6.0,Mon,16,-73.979962,40.746197,-73.99338,40.736445,1.0,2014-05-12 16:58:00.000000-73.9840.746240.7364-73.9934
10.0,Mon,16,-73.99456,40.726035,-74.005837,40.738142,1.0,2014-05-12 16:58:00.000000-73.994640.72640.7381-74.0058
10.5,Mon,16,-73.97064,40.788532,-73.945608,40.774457,1.0,2014-05-12 16:58:00.000000-73.970640.788540.7745-73.9456
20.0,Mon,16,-74.01529,40.714127,-73.976122,40.751617,1.0,2014-05-12 16:58:00.000000-74.015340.714140.7516-73.9761
6.0,Mon,16,-73.981465,40.780867,-73.981137,40.77442,1.0,2014-05-12 16:58:00.000000-73.981540.780940.7744-73.9811
7.5,Mon,16,-73.97908,40.757802,-73.988052,40.740947,1.0,2014-05-12 16:58:00.000000-73.979140.757840.7409-73.9881
8.0,Mon,16,-73.964788,40.761602,-73.977413,40.753223,1.0,2014-05-12 16:58:00.000000-73.964840.761640.7532-73.9774
20.5,Mon,16,-73.983367,40.744532,-73.980695,40.783232,1.0,2014-05-12 16:58:00.000000-73.983440.744540.7832-73.9807
9.5,Mon,16,-73.977537,40.753455,-73.961095,40.780747,1.0,2014-05-12 16:58:00.000000-73.977540.753540.7807-73.9611
6.5,Mon,16,-73.975762,40.760597,-73.980545,40.748372,1.0,2014-05-12 16:58:00.000000-73.975840.760640.7484-73.9805
8.0,Mon,16,-73.954982,40.765827,-73.968195,40.764745,1.0,2014-05-12 16:58:00.000000-73.95540.765840.7647-73.9682
10.5,Mon,16,-73.991347,40.749917,-73.980728,40.76518,1.0,2014-05-12 16:58:00.000000-73.991340.749940.7652-73.9807
7.5,Mon,16,-73.956777,40.778637,-73.968543,40.762155,1.0,2014-05-12 16:58:00.000000-73.956840.778640.7622-73.9685
6.5,Mon,16,-73.989847,40.735252,-73.977047,40.738957,1.0,2014-05-12 16:58:00.000000-73.989840.735340.739-73.977
8.0,Mon,16,-73.964722,40.769897,-73.943702,40.777047,1.0,2014-05-12 16:58:00.000000-73.964740.769940.777-73.9437
57.33,Mon,16,-73.790097,40.646507,-73.978623,40.761952,1.0,2014-05-12 16:58:00.000000-73.790140.646540.762-73.9786
40.33,Mon,16,-73.866232,40.770955,-73.982172,40.762047,1.0,2014-05-12 16:58:00.000000-73.866240.77140.762-73.9822
11.0,Mon,16,-73.974857,40.746352,-74.001672,40.726155,1.0,2014-05-12 16:58:00.000000-73.974940.746440.7262-74.0017
12.0,Mon,16,-73.955865,40.78197,-73.943132,40.807715,1.0,2014-05-12 16:58:00.000000-73.955940.78240.8077-73.9431
5.5,Mon,16,-73.979175,40.750417,-73.980292,40.743117,1.0,2014-05-12 16:58:00.000000-73.979240.750440.7431-73.9803
32.83,Mon,16,-73.974242,40.76076,-73.870547,40.773867,1.0,2014-05-12 16:58:00.000000-73.974240.760840.7739-73.8705
5.5,Mon,16,-73.99143,40.731657,-73.981967,40.724105,1.0,2014-05-12 16:58:00.000000-73.991440.731740.7241-73.982
15.0,Mon,16,-73.937715,40.758277,-73.98402,40.77957,1.0,2014-05-12 16:58:00.000000-73.937740.758340.7796-73.984
8.0,Mon,16,-73.97574,40.75228,-73.960117,40.760405,1.0,2014-05-12 16:58:00.000000-73.975740.752340.7604-73.9601
10.5,Mon,16,-73.979445,40.735942,-73.973057,40.761642,1.0,2014-05-12 16:58:00.000000-73.979440.735940.7616-73.9731
12.5,Mon,16,-73.954042,40.766375,-73.978412,40.788407,1.0,2014-05-12 16:58:00.000000-73.95440.766440.7884-73.9784
5.5,Mon,16,-73.999485,40.733562,-73.989345,40.72612,1.0,2014-05-12 16:58:00.000000-73.999540.733640.7261-73.9893
5.5,Mon,16,-73.97404,40.76342,-73.98324,40.75733,1.0,2014-05-12 16:58:00.000000-73.97440.763440.7573-73.9832
9.0,Mon,16,-74.00112,40.76264,-73.984135,40.764602,1.0,2014-05-12 16:58:00.000000-74.001140.762640.7646-73.9841
7.0,Mon,16,-73.996727,40.737747,-73.982002,40.734467,1.0,2014-05-12 16:58:00.000000-73.996740.737740.7345-73.982
52.0,Mon,16,-73.781245,40.644962,-73.983317,40.763265,1.0,2014-05-12 16:58:00.000000-73.781240.64540.7633-73.9833
7.5,Mon,16,-73.9729,40.748842,-74.010722,40.72906,1.0,2014-05-12 16:58:00.000000-73.972940.748840.7291-74.0107
14.0,Mon,16,-73.982362,40.770302,-73.971895,40.747767,1.0,2014-05-12 16:58:00.000000-73.982440.770340.7478-73.9719
3.5,Mon,16,-73.98764,40.729342,-73.989788,40.734042,1.0,2014-05-12 16:58:00.000000-73.987640.729340.734-73.9898
10.0,Mon,16,-73.9563,40.784157,-73.964362,40.768712,1.0,2014-05-12 16:58:00.000000-73.956340.784240.7687-73.9644
7.0,Mon,16,-73.960998,40.796807,-73.951125,40.786017,1.0,2014-05-12 16:58:00.000000-73.96140.796840.786-73.9511
34.5,Mon,16,-73.866077,40.770857,-73.783552,40.643697,1.0,2014-05-12 16:58:00.000000-73.866140.770940.6437-73.7836
5.0,Mon,16,-73.989907,40.741267,-73.991812,40.735092,1.0,2014-05-12 16:58:00.000000-73.989940.741340.7351-73.9918
36.83,Mon,16,-73.88537,40.773095,-73.973705,40.763102,1.0,2014-05-12 16:58:00.000000-73.885440.773140.7631-73.9737
46.83,Mon,16,-73.866192,40.771177,-73.98184,40.762462,1.0,2014-05-12 16:58:00.000000-73.866240.771240.7625-73.9818
10.0,Mon,16,-74.006922,40.729492,-73.987047,40.743897,1.0,2014-05-12 16:58:00.000000-74.006940.729540.7439-73.987
10.0,Mon,16,-73.970513,40.752102,-73.99657,40.725475,1.0,2014-05-12 16:58:00.000000-73.970540.752140.7255-73.9966
5.5,Mon,16,-73.965522,40.763082,-73.956337,40.775482,1.0,2014-05-12 16:58:00.000000-73.965540.763140.7755-73.9563
24.0,Mon,16,-73.953862,40.770835,-74.00791,40.718622,1.0,2014-05-12 16:58:00.000000-73.953940.770840.7186-74.0079
14.0,Mon,16,-73.874752,40.77408,-73.919807,40.756257,1.0,2014-05-12 16:58:00.000000-73.874840.774140.7563-73.9198
11.0,Mon,16,-73.96422,40.757372,-73.986817,40.726715,1.0,2014-05-12 16:58:00.000000-73.964240.757440.7267-73.9868
6.5,Mon,16,-73.960742,40.776002,-73.96958,40.766082,1.0,2014-05-12 16:58:00.000000-73.960740.77640.7661-73.9696
18.5,Mon,16,-74.00727,40.705412,-73.977045,40.754072,1.0,2014-05-12 16:58:00.000000-74.007340.705440.7541-73.977
6.0,Mon,16,-73.979557,40.78446,-73.9807,40.779185,1.0,2014-05-12 16:58:00.000000-73.979640.784540.7792-73.9807
5.5,Mon,16,-73.980073,40.780652,-73.969592,40.794987,1.0,2014-05-12 16:58:00.000000-73.980140.780740.795-73.9696
7.0,Mon,16,-74.005587,40.725585,-74.004878,40.74078,1.0,2014-05-12 16:58:00.000000-74.005640.725640.7408-74.0049
57.33,Mon,16,-74.014961,40.714001,-73.785974,40.643506,1.0,2014-05-12 16:58:00.000000-74.01540.71440.6435-73.786
8.0,Mon,16,-73.993672,40.749895,-73.978263,40.752835,1.0,2014-05-12 16:58:00.000000-73.993740.749940.7528-73.9783
7.5,Mon,16,-74.005352,40.74019,-73.994162,40.730067,1.0,2014-05-12 16:58:00.000000-74.005440.740240.7301-73.9942
5.0,Mon,16,-73.947253,40.7717,-73.953712,40.77912,1.0,2014-05-12 16:58:00.000000-73.947340.771740.7791-73.9537
6.5,Mon,16,-73.96607,40.789877,-73.967702,40.80242,1.0,2014-05-12 16:58:00.000000-73.966140.789940.8024-73.9677
43.0,Mon,16,-74.010028,40.720192,-73.885502,40.773187,1.0,2014-05-12 16:58:00.000000-74.0140.720240.7732-73.8855
57.33,Mon,16,-73.969402,40.758005,-73.789907,40.646937,1.0,2014-05-12 16:58:00.000000-73.969440.75840.6469-73.7899
17.0,Mon,16,-73.96783,40.74818,-73.99167,40.75023,1.0,2014-05-12 16:58:00.000000-73.967840.748240.7502-73.9917
12.5,Mon,16,-73.982027,40.778307,-73.946942,40.780237,1.0,2014-05-12 16:58:00.000000-73.98240.778340.7802-73.9469
9.0,Mon,16,-73.98732,40.738577,-74.00549,40.72752,1.0,2014-05-12 16:58:00.000000-73.987340.738640.7275-74.0055
8.0,Mon,16,-73.980362,40.774687,-73.973952,40.788202,1.0,2014-05-12 16:58:00.000000-73.980440.774740.7882-73.974
4.5,Mon,16,-73.982057,40.768692,-73.981497,40.763442,1.0,2014-05-12 16:58:00.000000-73.982140.768740.7634-73.9815
10.0,Mon,16,-73.953862,40.79061,-73.956065,40.76946,1.0,2014-05-12 16:58:00.000000-73.953940.790640.7695-73.9561
6.9,Sun,17,-73.987116,40.733263,-73.988078,40.748262,1.0,2011-09-04 17:24:02.000000-73.987140.733340.7483-73.9881
27.0,Fri,17,-73.958707,40.778346,-74.008198,40.747074,1.0,2014-09-19 17:32:41.000000-73.958740.778340.7471-74.0082
25.07,Fri,18,-73.872969,40.774119,-73.961053,40.814037,1.0,2009-11-13 18:18:29.000000-73.87340.774140.814-73.9611
4.9,Sun,18,-74.001781,40.735755,-74.004558,40.723153,1.0,2009-09-27 18:31:06.000000-74.001840.735840.7232-74.0046
5.3,Fri,18,-73.986526,40.740146,-73.988552,40.727534,1.0,2009-11-13 18:18:29.000000-73.986540.740140.7275-73.9886
4.1,Sun,18,-73.975243,40.792373,-73.973426,40.785339,1.0,2009-09-27 18:31:06.000000-73.975240.792440.7853-73.9734
8.9,Fri,18,-73.983609,40.761676,-73.955604,40.77787,1.0,2009-11-13 18:18:29.000000-73.983640.761740.7779-73.9556
6.5,Tue,19,-73.9759597778,40.7601547241,-73.9638366699,40.7628707886,1.0,2015-06-30 19:25:09.000000-73.97640.760240.7629-73.9638
18.0,Tue,19,-73.9984436035,40.7233428955,-73.9808883667,40.7625694275,1.0,2015-06-30 19:25:09.000000-73.998440.723340.7626-73.9809
39.0,Thu,19,-73.782228,40.644567,-73.973825,40.687824,1.0,2014-03-27 19:58:55.000000-73.782240.644640.6878-73.9738
17.0,Fri,19,-73.951304,40.778562,-73.988011,40.748816,1.0,2014-02-28 19:55:58.000000-73.951340.778640.7488-73.988
25.5,Thu,19,-74.005585,40.75082,-73.929235,40.763822,1.0,2014-03-27 19:58:55.000000-74.005640.750840.7638-73.9292
5.0,Tue,19,-73.9920043945,40.7437973022,-73.9991455078,40.7392578125,1.0,2015-06-30 19:25:09.000000-73.99240.743840.7393-73.9991
13.0,Thu,19,-73.992897,40.734858,-73.982657,40.769117,1.0,2014-03-27 19:58:55.000000-73.992940.734940.7691-73.9827
11.0,Fri,19,-73.984083,40.744017,-73.983894,40.725654,1.0,2014-02-28 19:55:58.000000-73.984140.74440.7257-73.9839
10.5,Thu,19,-73.980575,40.764986,-73.980543,40.787485,1.0,2014-03-27 19:58:55.000000-73.980640.76540.7875-73.9805
7.0,Fri,19,-73.981179,40.74723,-73.962433,40.75877,1.0,2014-02-28 19:55:58.000000-73.981240.747240.7588-73.9624
10.5,Fri,19,-73.999648,40.71839,-74.004215,40.74044,1.0,2014-02-28 19:55:58.000000-73.999640.718440.7404-74.0042
7.0,Thu,19,-73.993336,40.726343,-73.977369,40.723487,1.0,2014-03-27 19:58:55.000000-73.993340.726340.7235-73.9774
5.0,Fri,19,-73.993012,40.742808,-73.980911,40.741833,1.0,2014-02-28 19:55:58.000000-73.99340.742840.7418-73.9809
7.5,Fri,19,-73.990327,40.769834,-73.972804,40.79065,1.0,2014-02-28 19:55:58.000000-73.990340.769840.7906-73.9728
10.5,Tue,19,-73.971824646,40.7596435547,-73.9902114868,40.74842453,1.0,2015-06-30 19:25:09.000000-73.971840.759640.7484-73.9902
8.0,Tue,19,-73.9760665894,40.7445335388,-73.9866333008,40.7371482849,1.0,2015-06-30 19:25:09.000000-73.976140.744540.7371-73.9866
7.0,Tue,19,-73.9786453247,40.777545929,-73.9639968872,40.7654914856,1.0,2015-06-30 19:25:09.000000-73.978640.777540.7655-73.964
14.5,Fri,20,-74.0110549927,40.702922821,-73.9766769409,40.7451286316,1.0,2015-03-20 20:37:23.000000-74.011140.702940.7451-73.9767
15.5,Fri,20,-73.9937591553,40.7415542603,-73.9475250244,40.7792816162,1.0,2015-03-20 20:37:23.000000-73.993840.741640.7793-73.9475
4.5,Fri,20,-73.9898071289,40.7421875,-73.9973907471,40.746799469,1.0,2015-03-20 20:37:23.000000-73.989840.742240.7468-73.9974
20.5,Fri,20,-73.9901504517,40.737739563,-73.9863967896,40.7024345398,1.0,2015-03-20 20:37:23.000000-73.990240.737740.7024-73.9864
33.33,Sun,21,-73.870768,40.773684,-73.96838,40.799189,1.0,2013-05-05 21:08:52.000000-73.870840.773740.7992-73.9684
10.5,Tue,21,-73.988493,40.744927,-73.98476,40.76901,1.0,2013-07-16 21:44:12.000000-73.988540.744940.769-73.9848
9.0,Tue,21,-73.992378,40.743712,-73.98262,40.771647,1.0,2013-07-16 21:44:12.000000-73.992440.743740.7716-73.9826
6.0,Tue,21,-74.012192,40.719048,-74.000975,40.731595,1.0,2013-07-16 21:44:12.000000-74.012240.71940.7316-74.001
13.5,Tue,21,-73.998955,40.734988,-73.981106,40.780995,1.0,2013-07-16 21:44:12.000000-73.99940.73540.781-73.9811
16.5,Tue,21,-73.981945,40.780431,-74.004665,40.717142,1.0,2009-04-21 21:23:18.000000-73.981940.780440.7171-74.0047
9.5,Sun,21,-73.981625,40.771546,-73.970571,40.754616,1.0,2013-05-05 21:08:52.000000-73.981640.771540.7546-73.9706
6.5,Sun,21,-73.990108,40.746757,-73.990798,40.760262,1.0,2013-05-05 21:08:52.000000-73.990140.746840.7603-73.9908
10.0,Tue,21,-74.003415,40.750622,-74.01232,40.716849,1.0,2013-07-16 21:44:12.000000-74.003440.750640.7168-74.0123
